Series Name,Series Code,Time,Time Code,Argentina [ARG],Bolivia [BOL],Brazil [BRA],Colombia [COL]
GDP growth (annual %),NY.GDP.MKTP.KD.ZG,2000,YR2000,-0.788998922157376,2.50781098812674,4.30574571549967,4.41999299958367
GDP growth (annual %),NY.GDP.MKTP.KD.ZG,2001,YR2001,-4.40883969762805,1.68379903413391,1.3148961209429,1.67789830770366
GDP growth (annual %),NY.GDP.MKTP.KD.ZG,2002,YR2002,-10.894484819891,2.48556581527659,2.65597426675919,2.5039804654986
GDP growth (annual %),NY.GDP.MKTP.KD.ZG,2003,YR2003,8.83704078344473,2.71133983214789,1.14674906432275,3.9182719036083
GDP growth (annual %),NY.GDP.MKTP.KD.ZG,2004,YR2004,9.02957332195959,4.17329556102078,5.71391691586116,5.33302206745392
GDP growth (annual %),NY.GDP.MKTP.KD.ZG,2005,YR2005,9.17895021699024,4.42143309990637,3.15635238812408,4.70655593383118
GDP growth (annual %),NY.GDP.MKTP.KD.ZG,2006,YR2006,8.46606271178115,4.79700873859643,3.95541526928329,6.69751525770528
GDP growth (annual %),NY.GDP.MKTP.KD.ZG,2007,YR2007,8.65333684642083,4.56438448272661,6.09545497675312,6.90062765541222
GDP growth (annual %),NY.GDP.MKTP.KD.ZG,2008,YR2008,6.75843941952496,6.14849781016818,5.1692990144351,3.54680488578107
GDP growth (annual %),NY.GDP.MKTP.KD.ZG,2009,YR2009,0.850241475756562,3.35699942996455,-0.32824803986604,1.65154924529054
GDP growth (annual %),NY.GDP.MKTP.KD.ZG,2010,YR2010,9.16091692451589,4.12672274748631,7.53361545286975,3.9718007047375
GDP growth (annual %),NY.GDP.MKTP.KD.ZG,2011,YR2011,8.86955390713085,5.17393042157704,2.73250924324444,6.64532888678495
GDP growth (annual %),NY.GDP.MKTP.KD.ZG,2012,YR2012,1.89957810935846,5.17643094596949,0.872708175653841,4.21297881033094
GDP growth (annual %),NY.GDP.MKTP.KD.ZG,2013,YR2013,,,,
GDP growth (annual %),NY.GDP.MKTP.KD.ZG,1999,YR1999,-3.38545705259293,0.426885363578648,0.255597103233086,-4.20401524369917
GDP growth (annual %),NY.GDP.MKTP.KD.ZG,1998,YR1998,3.85017886913406,5.0293546362004,0.035512204361126,0.569784089854309
GDP growth (annual %),NY.GDP.MKTP.KD.ZG,1997,YR1997,8.11104675760042,4.95420877614612,3.37493881546732,3.43029367828871
GDP growth (annual %),NY.GDP.MKTP.KD.ZG,1996,YR1996,5.52668982824724,4.3613403108683,2.14999999999965,2.05585471215153
GDP growth (annual %),NY.GDP.MKTP.KD.ZG,1995,YR1995,-2.84520961119372,4.6782769046531,4.41683199331735,5.2024375925309
GDP growth (annual %),NY.GDP.MKTP.KD.ZG,1994,YR1994,5.83620069701152,4.6672662675528,5.33435987681479,5.83581149447076
GDP growth (annual %),NY.GDP.MKTP.KD.ZG,1993,YR1993,5.90691949369952,4.26929533323748,4.66515094828333,2.36565057428415
GDP growth (annual %),NY.GDP.MKTP.KD.ZG,1992,YR1992,11.9407747284308,1.64650004115683,-0.466914924090474,5.03267749660732
GDP growth (annual %),NY.GDP.MKTP.KD.ZG,1991,YR1991,12.6697100968503,5.26652207279878,1.51206746147132,2.27723149661927
GDP growth (annual %),NY.GDP.MKTP.KD.ZG,1990,YR1990,-2.39895922424094,4.63578790245245,-4.30000000000005,6.04203847760974
GDP growth (annual %),NY.GDP.MKTP.KD.ZG,1989,YR1989,-7.49618957328234,3.79012839888273,3.27945885212122,3.4174266555242
GDP growth (annual %),NY.GDP.MKTP.KD.ZG,1988,YR1988,-2.55690488546976,2.90950543530157,-0.102672710198163,4.05982100230689
GDP growth (annual %),NY.GDP.MKTP.KD.ZG,1987,YR1987,2.90999313619218,2.46347955873563,3.59962945687748,5.37150680628989
GDP growth (annual %),NY.GDP.MKTP.KD.ZG,1986,YR1986,7.87577983062546,-2.57387737905526,7.98829510902199,5.83829240968218
GDP growth (annual %),NY.GDP.MKTP.KD.ZG,1985,YR1985,-7.58667718994943,-1.67638751669146,7.94586174560585,3.08826465182048
GDP growth (annual %),NY.GDP.MKTP.KD.ZG,1984,YR1984,2.21177350353476,-0.200671850875395,5.26914315638712,3.35510101624791
GDP growth (annual %),NY.GDP.MKTP.KD.ZG,1983,YR1983,3.87512343331906,-4.04212139982373,-3.40979348007325,1.58437630414743
GDP growth (annual %),NY.GDP.MKTP.KD.ZG,1982,YR1982,-4.95717851863463,-3.93873792752328,0.580245554282641,0.948480319272946
GDP growth (annual %),NY.GDP.MKTP.KD.ZG,1981,YR1981,-5.68952800015261,0.275616374209847,-4.39335719359896,2.26321677427357
GDP growth (annual %),NY.GDP.MKTP.KD.ZG,1980,YR1980,4.15176235037666,-1.37177290765878,9.11096015157381,4.09819916131858
GDP growth (annual %),NY.GDP.MKTP.KD.ZG,1979,YR1979,10.2227634485709,0.133344043698173,6.76628496089286,5.38285337293986
GDP growth (annual %),NY.GDP.MKTP.KD.ZG,1978,YR1978,-4.5061247976757,2.05269457150823,3.23170957296952,8.46344999947392
GDP growth (annual %),NY.GDP.MKTP.KD.ZG,1977,YR1977,6.93414776273241,4.97121565455376,4.60631806293597,4.14801343897298
GDP growth (annual %),NY.GDP.MKTP.KD.ZG,1976,YR1976,-2.01825153277618,4.61456748557387,9.79041016246347,4.81718726879082
GDP growth (annual %),NY.GDP.MKTP.KD.ZG,1975,YR1975,-0.0284120882711392,7.31101772689942,5.20907590194078,2.24804705945083
GDP growth (annual %),NY.GDP.MKTP.KD.ZG,1974,YR1974,5.53380440143016,2.93956781590916,9.04212030845288,5.74252210855457
GDP growth (annual %),NY.GDP.MKTP.KD.ZG,1973,YR1973,2.81175403997467,5.73916152301213,13.9786916357584,6.72748176042239
GDP growth (annual %),NY.GDP.MKTP.KD.ZG,1972,YR1972,1.62841649943542,7.96748521281012,12.05280227318,7.67341468205498
GDP growth (annual %),NY.GDP.MKTP.KD.ZG,1971,YR1971,5.65813108050457,5.06333643455241,11.2950868449659,5.95122309893664
GDP growth (annual %),NY.GDP.MKTP.KD.ZG,1970,YR1970,3.04564334084789,-0.494821089404311,8.76994747088169,6.95651509881007
"Inflation, GDP deflator (annual %)",NY.GDP.DEFL.KD.ZG,2000,YR2000,1.03728708352114,5.19540438471893,6.17783977152561,31.7613475924573
"Inflation, GDP deflator (annual %)",NY.GDP.DEFL.KD.ZG,2001,YR2001,-1.09576770277295,1.87009470473087,8.96617968222513,6.51844829202277
"Inflation, GDP deflator (annual %)",NY.GDP.DEFL.KD.ZG,2002,YR2002,30.555204041157,2.82075746204183,10.5558053299861,5.96819057297378
"Inflation, GDP deflator (annual %)",NY.GDP.DEFL.KD.ZG,2003,YR2003,10.4957030340619,6.32999204666706,13.7264756228104,6.82901484183557
"Inflation, GDP deflator (annual %)",NY.GDP.DEFL.KD.ZG,2004,YR2004,9.22062787639337,7.96770868570056,8.03621729556485,7.28303340696263
"Inflation, GDP deflator (annual %)",NY.GDP.DEFL.KD.ZG,2005,YR2005,8.84047577818971,5.94079725957029,7.2129980528486,5.55754121691436
"Inflation, GDP deflator (annual %)",NY.GDP.DEFL.KD.ZG,2006,YR2006,13.4262312791228,13.663679851124,6.1514401780052,5.77509106238531
"Inflation, GDP deflator (annual %)",NY.GDP.DEFL.KD.ZG,2007,YR2007,14.2582803992278,7.37335357567221,5.86453013404761,5.03975733215947
"Inflation, GDP deflator (annual %)",NY.GDP.DEFL.KD.ZG,2008,YR2008,19.0684503177015,10.381182075414,8.33494971189018,7.55569950745669
"Inflation, GDP deflator (annual %)",NY.GDP.DEFL.KD.ZG,2009,YR2009,9.97745827569562,-2.41989419062934,7.18514646819382,3.40790693238088
"Inflation, GDP deflator (annual %)",NY.GDP.DEFL.KD.ZG,2010,YR2010,15.3761723596004,8.77750813085285,8.22853505779051,3.85625889520473
"Inflation, GDP deflator (annual %)",NY.GDP.DEFL.KD.ZG,2011,YR2011,17.280498146093,14.5658915089158,6.96888475196906,6.9654966437113
"Inflation, GDP deflator (annual %)",NY.GDP.DEFL.KD.ZG,2012,YR2012,15.3026710519536,6.91459702197162,5.34473335407317,2.57323270966228
"Inflation, GDP deflator (annual %)",NY.GDP.DEFL.KD.ZG,2013,YR2013,,,,
"Inflation, GDP deflator (annual %)",NY.GDP.DEFL.KD.ZG,1999,YR1999,-1.83655838005464,2.41156571840125,8.4764492639447,12.6229408341707
"Inflation, GDP deflator (annual %)",NY.GDP.DEFL.KD.ZG,1998,YR1998,-1.70527964063267,7.05112782982312,4.23590353372867,14.7730454087342
"Inflation, GDP deflator (annual %)",NY.GDP.DEFL.KD.ZG,1997,YR1997,-0.46391311906163,5.70504250779649,7.64500285513216,16.839852933651
"Inflation, GDP deflator (annual %)",NY.GDP.DEFL.KD.ZG,1996,YR1996,-0.0523754976274091,11.5802088728899,17.0852691693493,16.8683787898016
"Inflation, GDP deflator (annual %)",NY.GDP.DEFL.KD.ZG,1995,YR1995,3.16512339082666,11.4272813255458,93.5220043412646,18.8509572578649
"Inflation, GDP deflator (annual %)",NY.GDP.DEFL.KD.ZG,1994,YR1994,2.84933971635995,7.95220823835035,2251.70402771046,45.3570614626908
"Inflation, GDP deflator (annual %)",NY.GDP.DEFL.KD.ZG,1993,YR1993,-1.46665994920738,6.55715768505685,2001.34819196195,27.9535400113736
"Inflation, GDP deflator (annual %)",NY.GDP.DEFL.KD.ZG,1992,YR1992,11.9207602419531,13.1992041153703,968.184232897556,22.2259545918177
"Inflation, GDP deflator (annual %)",NY.GDP.DEFL.KD.ZG,1991,YR1991,132.953228142774,17.6894429635243,414.235595762797,26.1878140869884
"Inflation, GDP deflator (annual %)",NY.GDP.DEFL.KD.ZG,1990,YR1990,2076.79347322213,16.2679376931499,2735.48846059094,26.1051392222947
"Inflation, GDP deflator (annual %)",NY.GDP.DEFL.KD.ZG,1989,YR1989,3057.62883567321,13.186429735315,1209.12132844397,24.6818006481094
"Inflation, GDP deflator (annual %)",NY.GDP.DEFL.KD.ZG,1988,YR1988,388.491338958764,17.5233280938173,651.113855642984,27.7553993181845
"Inflation, GDP deflator (annual %)",NY.GDP.DEFL.KD.ZG,1987,YR1987,127.086376406594,14.5841958966761,204.103424999804,23.3739219120934
"Inflation, GDP deflator (annual %)",NY.GDP.DEFL.KD.ZG,1986,YR1986,74.4614934030764,230.105160476942,145.271542150723,29.1515763083597
"Inflation, GDP deflator (annual %)",NY.GDP.DEFL.KD.ZG,1985,YR1985,625.802140302372,12338.6616629944,231.723499124293,24.906333120903
"Inflation, GDP deflator (annual %)",NY.GDP.DEFL.KD.ZG,1984,YR1984,606.735941195734,1443.39738214174,212.785781701474,22.1750048587723
"Inflation, GDP deflator (annual %)",NY.GDP.DEFL.KD.ZG,1983,YR1983,382.349434835889,265.197960465943,140.195627939455,20.3902251110138
"Inflation, GDP deflator (annual %)",NY.GDP.DEFL.KD.ZG,1982,YR1982,207.61768137585,158.282749804819,104.832363561649,24.7663837347139
"Inflation, GDP deflator (annual %)",NY.GDP.DEFL.KD.ZG,1981,YR1981,106.36409900024,29.4860345796683,107.214033798803,22.7822711430777
"Inflation, GDP deflator (annual %)",NY.GDP.DEFL.KD.ZG,1980,YR1980,90.8408016044117,25.0489446956075,87.3068753367621,27.6026403490754
"Inflation, GDP deflator (annual %)",NY.GDP.DEFL.KD.ZG,1979,YR1979,147.37704407528,19.7971736438941,56.4805742112619,24.0362299916863
"Inflation, GDP deflator (annual %)",NY.GDP.DEFL.KD.ZG,1978,YR1978,161.372171992643,14.1038108031519,41.0598003048689,17.1068958546829
"Inflation, GDP deflator (annual %)",NY.GDP.DEFL.KD.ZG,1977,YR1977,159.427177687849,12.5365012676628,46.1795652742129,29.1658281068236
"Inflation, GDP deflator (annual %)",NY.GDP.DEFL.KD.ZG,1976,YR1976,438.322779813229,8.60289398171376,47.6269851503872,25.3512496762523
"Inflation, GDP deflator (annual %)",NY.GDP.DEFL.KD.ZG,1975,YR1975,197.697364498815,6.69527765816242,33.8622773005364,22.8972933958916
"Inflation, GDP deflator (annual %)",NY.GDP.DEFL.KD.ZG,1974,YR1974,30.6304413617118,61.5395684181148,34.8001857123147,25.380985785896
"Inflation, GDP deflator (annual %)",NY.GDP.DEFL.KD.ZG,1973,YR1973,65.5352873679864,42.9501653341556,22.6648530211538,20.1560028146517
"Inflation, GDP deflator (annual %)",NY.GDP.DEFL.KD.ZG,1972,YR1972,64.2447859502427,18.9960333792617,19.1444079133159,12.9678336472566
"Inflation, GDP deflator (annual %)",NY.GDP.DEFL.KD.ZG,1971,YR1971,31.2710638868093,2.50590811697289,20.253892909884,10.8173410723478
"Inflation, GDP deflator (annual %)",NY.GDP.DEFL.KD.ZG,1970,YR1970,6.46787460964742,5.97276446104415,17.0922847843785,11.8787256876747
Total debt service (% of GNI),DT.TDS.DECT.GN.ZS,2000,YR2000,8.9463698600428,7.8478142901516,9.34562892885387,5.13109103529753
Total debt service (% of GNI),DT.TDS.DECT.GN.ZS,2001,YR2001,6.88255469977392,6.94006691934676,9.37228439234048,6.48992732889716
Total debt service (% of GNI),DT.TDS.DECT.GN.ZS,2002,YR2002,5.62630038866257,6.26777249898804,10.6981611559145,7.10003044547891
Total debt service (% of GNI),DT.TDS.DECT.GN.ZS,2003,YR2003,11.7857879407001,5.58399649216916,10.9158831389842,9.35328637173733
Total debt service (% of GNI),DT.TDS.DECT.GN.ZS,2004,YR2004,8.94727727201435,6.21160836524361,8.35150108814621,6.67573658062372
Total debt service (% of GNI),DT.TDS.DECT.GN.ZS,2005,YR2005,5.67479209087472,5.80218338042036,7.34123463000095,7.11982750016408
Total debt service (% of GNI),DT.TDS.DECT.GN.ZS,2006,YR2006,10.4737983963522,3.85456675777934,5.86125688954818,6.47778800339309
Total debt service (% of GNI),DT.TDS.DECT.GN.ZS,2007,YR2007,3.41140910817649,5.95153698053809,4.10912714398731,4.21006568730586
Total debt service (% of GNI),DT.TDS.DECT.GN.ZS,2008,YR2008,2.45576312794933,5.92612379868704,3.50232107994222,3.3008434756458
Total debt service (% of GNI),DT.TDS.DECT.GN.ZS,2009,YR2009,4.93824295719434,3.55858304121077,2.80351562296284,3.84522086770416
Total debt service (% of GNI),DT.TDS.DECT.GN.ZS,2010,YR2010,3.99797344198179,3.53601896365643,2.18020950081432,3.50226464026194
Total debt service (% of GNI),DT.TDS.DECT.GN.ZS,2011,YR2011,3.56588727367018,1.99931363342471,2.43088518382438,3.14806813207141
Total debt service (% of GNI),DT.TDS.DECT.GN.ZS,2012,YR2012,2.78666121463178,2.55993976165306,2.05113192883939,4.38323462631703
Total debt service (% of GNI),DT.TDS.DECT.GN.ZS,2013,YR2013,,,,
Total debt service (% of GNI),DT.TDS.DECT.GN.ZS,1999,YR1999,9.14019539301381,5.24666982117235,12.0036111789226,7.31309355807525
Total debt service (% of GNI),DT.TDS.DECT.GN.ZS,1998,YR1998,6.61640072442392,5.26772038981664,6.22951805726754,4.64640494056971
Total debt service (% of GNI),DT.TDS.DECT.GN.ZS,1997,YR1997,5.63272138954181,6.23054395468291,4.51614350532505,4.316467793682
Total debt service (% of GNI),DT.TDS.DECT.GN.ZS,1996,YR1996,4.86331718220275,5.79079423850003,3.05493071073135,5.68308242553315
Total debt service (% of GNI),DT.TDS.DECT.GN.ZS,1995,YR1995,3.50850786076485,5.82254487285181,2.85459132765575,4.78907886067392
Total debt service (% of GNI),DT.TDS.DECT.GN.ZS,1994,YR1994,2.27928557775864,6.11659540219242,2.9787719930228,6.95992377531998
Total debt service (% of GNI),DT.TDS.DECT.GN.ZS,1993,YR1993,2.512948231269,6.20887118959922,2.6417288802181,6.90339238551084
Total debt service (% of GNI),DT.TDS.DECT.GN.ZS,1992,YR1992,2.18868020140677,5.40055597234026,2.27235706136556,8.52601953894967
Total debt service (% of GNI),DT.TDS.DECT.GN.ZS,1991,YR1991,2.96385997664256,6.59642955794419,2.10841099195454,9.57997660498537
Total debt service (% of GNI),DT.TDS.DECT.GN.ZS,1990,YR1990,4.57623881769934,8.47097097670407,1.82882382217431,10.2389696067371
Total debt service (% of GNI),DT.TDS.DECT.GN.ZS,1989,YR1989,6.24736766870687,6.68064617120309,3.16296350797866,10.4663288167341
Total debt service (% of GNI),DT.TDS.DECT.GN.ZS,1988,YR1988,4.18793105031277,8.7252858997603,5.33274202396728,8.83707864322069
Total debt service (% of GNI),DT.TDS.DECT.GN.ZS,1987,YR1987,5.91382856686156,5.59550955133162,4.24924000350282,8.17070532119431
Total debt service (% of GNI),DT.TDS.DECT.GN.ZS,1986,YR1986,6.93891513718712,7.0186973497884,4.55975316060991,6.76850176041511
Total debt service (% of GNI),DT.TDS.DECT.GN.ZS,1985,YR1985,7.44709772337068,7.49546780890052,5.46341992417108,6.00732863048429
Total debt service (% of GNI),DT.TDS.DECT.GN.ZS,1984,YR1984,8.40512107284361,9.43702471265847,6.98567071034232,4.47855952706972
Total debt service (% of GNI),DT.TDS.DECT.GN.ZS,1983,YR1983,6.95887396527895,8.88555371980532,6.98208638916149,4.34088603340947
Total debt service (% of GNI),DT.TDS.DECT.GN.ZS,1982,YR1982,6.17646704313095,10.5269380433346,7.21192540536001,4.00519717944782
Total debt service (% of GNI),DT.TDS.DECT.GN.ZS,1981,YR1981,7.04298876518258,5.87343755262913,7.09598981109671,3.17490841281762
Total debt service (% of GNI),DT.TDS.DECT.GN.ZS,1980,YR1980,5.58549922538477,8.16454090179273,6.51638112905131,2.92934459881165
Total debt service (% of GNI),DT.TDS.DECT.GN.ZS,1979,YR1979,3.32486595355772,6.58764365209182,5.19011485538002,2.60742529198111
Total debt service (% of GNI),DT.TDS.DECT.GN.ZS,1978,YR1978,5.77491790873002,9.71992422484366,4.31604695169079,2.17040358799263
Total debt service (% of GNI),DT.TDS.DECT.GN.ZS,1977,YR1977,3.32217158376015,5.20178137193029,3.33904301291959,2.06762462616236
Total debt service (% of GNI),DT.TDS.DECT.GN.ZS,1976,YR1976,3.19851110632636,5.0255535605152,2.87522369943744,2.60129475272455
Total debt service (% of GNI),DT.TDS.DECT.GN.ZS,1975,YR1975,3.0497735801787,3.67417225309301,3.57013246231204,2.58148204541543
Total debt service (% of GNI),DT.TDS.DECT.GN.ZS,1974,YR1974,2.28818865484124,3.74963784374714,3.28239503410547,3.52012001182585
Total debt service (% of GNI),DT.TDS.DECT.GN.ZS,1973,YR1973,2.63490418800316,4.88577439709514,2.45318088840461,3.64212734016348
Total debt service (% of GNI),DT.TDS.DECT.GN.ZS,1972,YR1972,3.33427679540732,3.9260723820597,2.07236987271234,3.99035219430813
Total debt service (% of GNI),DT.TDS.DECT.GN.ZS,1971,YR1971,0.187440908003515,0.206466245354654,0.282473822096093,0.150898349200497
Total debt service (% of GNI),DT.TDS.DECT.GN.ZS,1970,YR1970,0.208581184103089,0.0197650233629983,0.249982224780981,0.415698469340209
"External debt stocks, total (DOD, current US$)",DT.DOD.DECT.CD,2000,YR2000,147029336000,5884717000,242511682000,33159155000
"External debt stocks, total (DOD, current US$)",DT.DOD.DECT.CD,2001,YR2001,149706909000,4786280000,229959721000,35474452000
"External debt stocks, total (DOD, current US$)",DT.DOD.DECT.CD,2002,YR2002,145644399000,5098803000,231944172000,32446907000
"External debt stocks, total (DOD, current US$)",DT.DOD.DECT.CD,2003,YR2003,161120874000,5858556000,235907976000,36209852000
"External debt stocks, total (DOD, current US$)",DT.DOD.DECT.CD,2004,YR2004,164915417000,6279182000,220693598000,37211052000
"External debt stocks, total (DOD, current US$)",DT.DOD.DECT.CD,2005,YR2005,127451690000,6960683000,188364548000,37162426000
"External debt stocks, total (DOD, current US$)",DT.DOD.DECT.CD,2006,YR2006,118410945000,5851138000,194303020000,37607625000
"External debt stocks, total (DOD, current US$)",DT.DOD.DECT.CD,2007,YR2007,120418047000,5420620000,238444455000,43391331000
"External debt stocks, total (DOD, current US$)",DT.DOD.DECT.CD,2008,YR2008,122496973000,5936182000,262951108000,46246191000
"External debt stocks, total (DOD, current US$)",DT.DOD.DECT.CD,2009,YR2009,127334685000,6020521000,281648395000,53046502000
"External debt stocks, total (DOD, current US$)",DT.DOD.DECT.CD,2010,YR2010,117356875000,6049860000,352363500000,63815263000
"External debt stocks, total (DOD, current US$)",DT.DOD.DECT.CD,2011,YR2011,122978166000,6473617000,404045893000,76781906000
"External debt stocks, total (DOD, current US$)",DT.DOD.DECT.CD,2012,YR2012,121012679000,6909295000,440478441000,79051011000
"External debt stocks, total (DOD, current US$)",DT.DOD.DECT.CD,2013,YR2013,,,,
"External debt stocks, total (DOD, current US$)",DT.DOD.DECT.CD,1999,YR1999,150014418000,5652469000,245114989000,33680392000
"External debt stocks, total (DOD, current US$)",DT.DOD.DECT.CD,1998,YR1998,140105444000,5685478000,242025906000,32930043000
"External debt stocks, total (DOD, current US$)",DT.DOD.DECT.CD,1997,YR1997,126837492000,5310457000,198999819000,31767290000
"External debt stocks, total (DOD, current US$)",DT.DOD.DECT.CD,1996,YR1996,111386695000,5272683000,181813098000,28697868000
"External debt stocks, total (DOD, current US$)",DT.DOD.DECT.CD,1995,YR1995,98773129000,5356379000,160987778000,25073417000
"External debt stocks, total (DOD, current US$)",DT.DOD.DECT.CD,1994,YR1994,75094059000,4965192000,152897847000,22013988000
"External debt stocks, total (DOD, current US$)",DT.DOD.DECT.CD,1993,YR1993,64681396000,4400361000,144594938000,18865650000
"External debt stocks, total (DOD, current US$)",DT.DOD.DECT.CD,1992,YR1992,68605634000,4332369000,129531169000,17451116000
"External debt stocks, total (DOD, current US$)",DT.DOD.DECT.CD,1991,YR1991,65675403000,4158856000,121330757000,17371252000
"External debt stocks, total (DOD, current US$)",DT.DOD.DECT.CD,1990,YR1990,62510868000,4369980000,120303909000,17404181000
"External debt stocks, total (DOD, current US$)",DT.DOD.DECT.CD,1989,YR1989,65538430000,4229853000,114950716000,17075302000
"External debt stocks, total (DOD, current US$)",DT.DOD.DECT.CD,1988,YR1988,59108556000,5001707000,118034779000,17214281000
"External debt stocks, total (DOD, current US$)",DT.DOD.DECT.CD,1987,YR1987,58722661000,5934541000,120471145000,17238841000
"External debt stocks, total (DOD, current US$)",DT.DOD.DECT.CD,1986,YR1986,52688153000,5670013000,109644566000,15584802000
"External debt stocks, total (DOD, current US$)",DT.DOD.DECT.CD,1985,YR1985,51156731000,4898178000,104174204000,14477395000
"External debt stocks, total (DOD, current US$)",DT.DOD.DECT.CD,1984,YR1984,49060894000,4412206000,104364284000,12274127000
"External debt stocks, total (DOD, current US$)",DT.DOD.DECT.CD,1983,YR1983,46108325000,4164922000,99022219000,11639495000
"External debt stocks, total (DOD, current US$)",DT.DOD.DECT.CD,1982,YR1982,43787000000,3422088000,94428715000,10519982000
"External debt stocks, total (DOD, current US$)",DT.DOD.DECT.CD,1981,YR1981,35809459000,3310318000,81914151000,8925378000
"External debt stocks, total (DOD, current US$)",DT.DOD.DECT.CD,1980,YR1980,27322462000,2784674000,71983914000,7135606000
"External debt stocks, total (DOD, current US$)",DT.DOD.DECT.CD,1979,YR1979,21176832000,2633583000,61795267000,6056967000
"External debt stocks, total (DOD, current US$)",DT.DOD.DECT.CD,1978,YR1978,13507656000,2238360000,55032105000,5286645000
"External debt stocks, total (DOD, current US$)",DT.DOD.DECT.CD,1977,YR1977,11675730000,1803420000,42500190000,5232471000
"External debt stocks, total (DOD, current US$)",DT.DOD.DECT.CD,1976,YR1976,9501618000,1360673000,33801314000,4123792000
"External debt stocks, total (DOD, current US$)",DT.DOD.DECT.CD,1975,YR1975,7901570000,1080565000,27781562000,3934673000
"External debt stocks, total (DOD, current US$)",DT.DOD.DECT.CD,1974,YR1974,7798535000,946415000,22464944000,3515016000
"External debt stocks, total (DOD, current US$)",DT.DOD.DECT.CD,1973,YR1973,7374659000,851175000,15066010000,3326835000
"External debt stocks, total (DOD, current US$)",DT.DOD.DECT.CD,1972,YR1972,6893777000,809514000,11863652000,2964724000
"External debt stocks, total (DOD, current US$)",DT.DOD.DECT.CD,1971,YR1971,0,0,0,760000
"External debt stocks, total (DOD, current US$)",DT.DOD.DECT.CD,1970,YR1970,0,0,1500000,5896000
External debt stocks (% of GNI),DT.DOD.DECT.GN.ZS,2000,YR2000,53.1451824648661,72.0078397708628,38.6849620861754,33.9755064163948
External debt stocks (% of GNI),DT.DOD.DECT.GN.ZS,2001,YR2001,57.3655627083573,60.3539320747671,43.0444891815033,37.1132001505716
External debt stocks (% of GNI),DT.DOD.DECT.GN.ZS,2002,YR2002,153.835998964506,66.2114693585076,47.6760503459468,34.1338243530248
External debt stocks (% of GNI),DT.DOD.DECT.GN.ZS,2003,YR2003,132.45732703499,75.2970990103931,44.1321859326875,39.674038018941
External debt stocks (% of GNI),DT.DOD.DECT.GN.ZS,2004,YR2004,114.361240571204,74.8525776744781,34.2815858018427,32.9961976436265
External debt stocks (% of GNI),DT.DOD.DECT.GN.ZS,2005,YR2005,72.0128634703884,75.8836188027371,21.9825201031427,26.3452212501817
External debt stocks (% of GNI),DT.DOD.DECT.GN.ZS,2006,YR2006,56.6874149366579,52.9294330934921,18.2960558432022,23.9787557780297
External debt stocks (% of GNI),DT.DOD.DECT.GN.ZS,2007,YR2007,47.1284896135656,42.9163294293122,17.8115943680333,21.7541514021916
External debt stocks (% of GNI),DT.DOD.DECT.GN.ZS,2008,YR2008,38.3502569147291,36.7841018557286,16.2878695599446,19.7780612874125
External debt stocks (% of GNI),DT.DOD.DECT.GN.ZS,2009,YR2009,42.7714416864786,36.1241719438332,17.7347376579243,23.6243905665296
External debt stocks (% of GNI),DT.DOD.DECT.GN.ZS,2010,YR2010,32.7246626046239,32.2047437246494,16.7444013162408,23.2060882659148
External debt stocks (% of GNI),DT.DOD.DECT.GN.ZS,2011,YR2011,28.2563724465458,28.4081078017797,16.6277624576366,23.9678835954884
External debt stocks (% of GNI),DT.DOD.DECT.GN.ZS,2012,YR2012,26.2766615897308,27.19570427145,19.864168079902,22.3862805591124
External debt stocks (% of GNI),DT.DOD.DECT.GN.ZS,2013,YR2013,,,,
External debt stocks (% of GNI),DT.DOD.DECT.GN.ZS,1999,YR1999,54.3414335341358,69.8786495315003,43.1488632667185,39.7774821687175
External debt stocks (% of GNI),DT.DOD.DECT.GN.ZS,1998,YR1998,48.0566930322218,68.2095298868102,29.3178496947311,34.0592054756868
External debt stocks (% of GNI),DT.DOD.DECT.GN.ZS,1997,YR1997,44.2495600336658,68.7034579035784,23.2741352280735,30.4610085666827
External debt stocks (% of GNI),DT.DOD.DECT.GN.ZS,1996,YR1996,41.7729347304311,72.9011016569202,21.9709225739982,30.174342110403
External debt stocks (% of GNI),DT.DOD.DECT.GN.ZS,1995,YR1995,38.9848661652117,82.4824195035475,21.2416721195477,27.5750777210704
External debt stocks (% of GNI),DT.DOD.DECT.GN.ZS,1994,YR1994,29.5944759176097,85.7040036525642,28.4662487203305,27.4312245805186
External debt stocks (% of GNI),DT.DOD.DECT.GN.ZS,1993,YR1993,27.6792973912601,79.5710421541342,33.8131554583748,34.9726097646068
External debt stocks (% of GNI),DT.DOD.DECT.GN.ZS,1992,YR1992,30.556373742589,79.4366818111745,33.8025913018172,36.963116268246
External debt stocks (% of GNI),DT.DOD.DECT.GN.ZS,1991,YR1991,35.7208433051315,81.5340540800261,30.4690796071419,44.0814696135791
External debt stocks (% of GNI),DT.DOD.DECT.GN.ZS,1990,YR1990,46.2529452375214,94.4557717280079,26.7537143756847,45.5683071915616
External debt stocks (% of GNI),DT.DOD.DECT.GN.ZS,1989,YR1989,93.3337106655155,94.6976323235432,25.6295227074596,45.5072775641202
External debt stocks (% of GNI),DT.DOD.DECT.GN.ZS,1988,YR1988,48.9650095888757,115.31047022462,37.2141235377783,45.7361870455287
External debt stocks (% of GNI),DT.DOD.DECT.GN.ZS,1987,YR1987,55.4286170087441,145.99758856382,42.5760050562649,49.7035293712607
External debt stocks (% of GNI),DT.DOD.DECT.GN.ZS,1986,YR1986,49.7423040164383,155.366169828947,42.8008396241352,46.4203779844943
External debt stocks (% of GNI),DT.DOD.DECT.GN.ZS,1985,YR1985,61.1392389466937,98.9868819146172,49.3567225668095,43.6330635585013
External debt stocks (% of GNI),DT.DOD.DECT.GN.ZS,1984,YR1984,65.4173148195891,76.8641838979158,52.9379045567303,33.4301963058075
External debt stocks (% of GNI),DT.DOD.DECT.GN.ZS,1983,YR1983,47.0146862347183,79.377206648719,51.7231884400676,31.1653236098332
External debt stocks (% of GNI),DT.DOD.DECT.GN.ZS,1982,YR1982,55.2560374613824,65.6494920213416,35.3362182244793,27.8438182203061
External debt stocks (% of GNI),DT.DOD.DECT.GN.ZS,1981,YR1981,46.6013493809875,52.5594408899802,32.420823198108,24.8286253386687
External debt stocks (% of GNI),DT.DOD.DECT.GN.ZS,1980,YR1980,35.8155577926341,61.3134653451204,31.6691353490188,21.4997838931977
External debt stocks (% of GNI),DT.DOD.DECT.GN.ZS,1979,YR1979,30.8582476618649,58.2364566651682,28.2240777450832,21.8992290989168
External debt stocks (% of GNI),DT.DOD.DECT.GN.ZS,1978,YR1978,23.403467046345,57.6459838744765,28.0660358098265,23.0545882045094
External debt stocks (% of GNI),DT.DOD.DECT.GN.ZS,1977,YR1977,20.7239885053606,53.8976659950275,24.5306508700691,27.292460419676
External debt stocks (% of GNI),DT.DOD.DECT.GN.ZS,1976,YR1976,18.5632850959226,47.6249628427245,22.4805653604269,27.5001371287985
External debt stocks (% of GNI),DT.DOD.DECT.GN.ZS,1975,YR1975,14.8670763336181,42.9957216415973,22.7686649307175,30.7990724580368
External debt stocks (% of GNI),DT.DOD.DECT.GN.ZS,1974,YR1974,10.7299763214897,43.1990249292734,21.5334932729557,28.8631989388249
External debt stocks (% of GNI),DT.DOD.DECT.GN.ZS,1973,YR1973,13.9877624816044,64.5933494213826,19.2215548682914,32.9270430277965
External debt stocks (% of GNI),DT.DOD.DECT.GN.ZS,1972,YR1972,20.1575372608867,61.6517731623184,20.4280345458246,35.1157720794018
External debt stocks (% of GNI),DT.DOD.DECT.GN.ZS,1971,YR1971,0,0,0,0.00997414727712449
External debt stocks (% of GNI),DT.DOD.DECT.GN.ZS,1970,YR1970,0,0,0.00359465975009559,0.0844517323144468
GNI growth (annual %),NY.GNP.MKTP.KD.ZG,2000,YR2000,-0.833232001223081,2.20733404216679,4.79396860039205,3.84898301284895
GNI growth (annual %),NY.GNP.MKTP.KD.ZG,2001,YR2001,-4.62225687246873,1.77225566740613,0.566679295937107,1.33033334393913
GNI growth (annual %),NY.GNP.MKTP.KD.ZG,2002,YR2002,-15.432083696771,2.45895826951012,2.6098746743527,2.22258775842494
GNI growth (annual %),NY.GNP.MKTP.KD.ZG,2003,YR2003,10.3886687779713,1.46472748486586,1.42832097708396,3.21349621212607
GNI growth (annual %),NY.GNP.MKTP.KD.ZG,2004,YR2004,9.54359603796743,3.36113433623721,5.9490453360157,5.21887113155233
GNI growth (annual %),NY.GNP.MKTP.KD.ZG,2005,YR2005,12.1779861076639,4.89897462089306,3.32795022861316,4.59289541402288
GNI growth (annual %),NY.GNP.MKTP.KD.ZG,2006,YR2006,9.57472009385853,5.17011508609791,4.36192234031671,6.74482859127879
GNI growth (annual %),NY.GNP.MKTP.KD.ZG,2007,YR2007,,4.31332308071563,6.5446157492083,6.643468452863
GNI growth (annual %),NY.GNP.MKTP.KD.ZG,2008,YR2008,,6.67356913647279,4.81743182104499,3.09547942298592
GNI growth (annual %),NY.GNP.MKTP.KD.ZG,2009,YR2009,,2.76981460315528,0.0825886464254779,1.92758103289954
GNI growth (annual %),NY.GNP.MKTP.KD.ZG,2010,YR2010,,3.33583670116211,7.67920201549583,3.6260915224869
GNI growth (annual %),NY.GNP.MKTP.KD.ZG,2011,YR2011,,4.53054677213936,2.6175296142419,5.80316356161974
GNI growth (annual %),NY.GNP.MKTP.KD.ZG,2012,YR2012,,3.62427627716299,1.23584815396723,4.73726539921624
GNI growth (annual %),NY.GNP.MKTP.KD.ZG,2013,YR2013,,,,
GNI growth (annual %),NY.GNP.MKTP.KD.ZG,1999,YR1999,-3.52564736149785,-0.0194569245607426,-0.767533989456908,-4.18826089163379
GNI growth (annual %),NY.GNP.MKTP.KD.ZG,1998,YR1998,3.48180080192626,5.61705396989109,-0.28638891378192,1.04458003796044
GNI growth (annual %),NY.GNP.MKTP.KD.ZG,1997,YR1997,7.99886612739114,4.67857671029317,2.93212648407753,3.30990899158326
GNI growth (annual %),NY.GNP.MKTP.KD.ZG,1996,YR1996,5.28371025662484,5.43719709081904,2.13513107378979,1.64330978371238
GNI growth (annual %),NY.GNP.MKTP.KD.ZG,1995,YR1995,-3.21253873874377,4.49544350161837,4.64899345632881,5.27495553504205
GNI growth (annual %),NY.GNP.MKTP.KD.ZG,1994,YR1994,5.68704768442379,5.10754815928949,6.16482555312049,7.52708365299523
GNI growth (annual %),NY.GNP.MKTP.KD.ZG,1993,YR1993,6.51546309605263,4.12563690231229,4.08055655436515,3.30533758471687
GNI growth (annual %),NY.GNP.MKTP.KD.ZG,1992,YR1992,13.3395187215233,2.89602669866001,-0.122292665887414,5.43989443485412
GNI growth (annual %),NY.GNP.MKTP.KD.ZG,1991,YR1991,14.2226604340623,5.87411440624199,1.9568177893464,3.03869591604686
GNI growth (annual %),NY.GNP.MKTP.KD.ZG,1990,YR1990,2.08331061724252,5.03798656491124,-3.63526520092778,5.94193911557906
GNI growth (annual %),NY.GNP.MKTP.KD.ZG,1989,YR1989,-11.5655410260145,4.23717841010394,4.14769373244089,2.19865205542395
GNI growth (annual %),NY.GNP.MKTP.KD.ZG,1988,YR1988,-2.32629103278097,3.32450270176746,-0.385080249342224,4.81010222933887
GNI growth (annual %),NY.GNP.MKTP.KD.ZG,1987,YR1987,2.81361652212462,4.45253444479322,4.36555349245029,4.69851038623918
GNI growth (annual %),NY.GNP.MKTP.KD.ZG,1986,YR1986,8.98024273314118,-2.27540099399243,9.06343968970225,6.76037333536411
GNI growth (annual %),NY.GNP.MKTP.KD.ZG,1985,YR1985,-7.82937940236928,-3.14934027701452,8.42181843234297,2.12180950360754
GNI growth (annual %),NY.GNP.MKTP.KD.ZG,1984,YR1984,2.77136722007909,-3.86773488049089,5.30145130165891,2.83684592413707
GNI growth (annual %),NY.GNP.MKTP.KD.ZG,1983,YR1983,4.21266952279117,-0.533739767942762,-4.21762812014248,1.02294481834619
GNI growth (annual %),NY.GNP.MKTP.KD.ZG,1982,YR1982,-8.55983256818882,-16.117173841816,-0.462353224103495,-0.912113823631998
GNI growth (annual %),NY.GNP.MKTP.KD.ZG,1981,YR1981,-7.09039082626873,7.11752211682177,-5.25121440644627,1.69249715179762
GNI growth (annual %),NY.GNP.MKTP.KD.ZG,1980,YR1980,4.17125860843797,-3.46589902468818,8.45813474519197,4.49851948374183
GNI growth (annual %),NY.GNP.MKTP.KD.ZG,1979,YR1979,9.92339867638236,-0.755079067213671,6.42319038977048,5.86624981622339
GNI growth (annual %),NY.GNP.MKTP.KD.ZG,1978,YR1978,-4.36245395168554,1.61092172520074,2.49477614004414,8.60419215048522
GNI growth (annual %),NY.GNP.MKTP.KD.ZG,1977,YR1977,6.0641630441705,4.05564794721758,4.44040486775521,4.90551070885634
GNI growth (annual %),NY.GNP.MKTP.KD.ZG,1976,YR1976,-3.29703923224672,4.7467768065296,9.60276477284394,4.97694491432297
GNI growth (annual %),NY.GNP.MKTP.KD.ZG,1975,YR1975,0.984474247220774,7.05449759807834,4.55928573600015,1.29085609442494
GNI growth (annual %),NY.GNP.MKTP.KD.ZG,1974,YR1974,5.52602577070485,3.2407410195904,9.4813536271672,6.31619347159172
GNI growth (annual %),NY.GNP.MKTP.KD.ZG,1973,YR1973,4.78327558293718,5.67250466563269,13.5649000824355,7.33185970139016
GNI growth (annual %),NY.GNP.MKTP.KD.ZG,1972,YR1972,-0.953874723872275,7.5440527279592,12.3582735817903,7.55443735179134
GNI growth (annual %),NY.GNP.MKTP.KD.ZG,1971,YR1971,10.9300639678377,5.84252649183532,11.715435249756,6.47202447598785
GNI growth (annual %),NY.GNP.MKTP.KD.ZG,1970,YR1970,-0.141851508642759,,9.20361133248639,5.62295281022469
,,,,,,,
,,,,,,,
,,,,,,,
Data from database: WDI,,,,,,,
Last Updated: 05/06/2014,,,,,,,
